username,period,source_year,source_url,karma
pg,2005-2009,2006,https://news.ycombinator.com/user?id=pg,157316
dang,2005-2009,2007,https://news.ycombinator.com/user?id=dang,39197
tptacek,2005-2009,2007,https://news.ycombinator.com/user?id=tptacek,419548
patio11,2005-2009,2008,https://news.ycombinator.com/user?id=patio11,127807
jacquesm,2005-2009,2008,https://news.ycombinator.com/user?id=jacquesm,241904
tokenadult,2005-2009,2008,https://news.ycombinator.com/user?id=tokenadult,62538
cperciva,2005-2009,2007,https://news.ycombinator.com/user?id=cperciva,64145
gruseom,2005-2009,2007,https://news.ycombinator.com/user?id=gruseom,30328
edw519,2005-2009,2007,https://news.ycombinator.com/user?id=edw519,73785
mechanical_fish,2005-2009,2007,https://news.ycombinator.com/user?id=mechanical_fish,26700
nostrademons,2005-2009,2007,https://news.ycombinator.com/user?id=nostrademons,82972
jgrahamc,2005-2009,2007,https://news.ycombinator.com/user?id=jgrahamc,94009
aaronbrethorst,2005-2009,2007,https://news.ycombinator.com/user?id=aaronbrethorst,64680
zackattack,2005-2009,2009,https://news.ycombinator.com/user?id=zackattack,5914
breck,2005-2009,2007,https://news.ycombinator.com/user?id=breck,16633
Arrington,2005-2009,2009,https://news.ycombinator.com/user?id=Arrington,-57
swombat,2005-2009,2008,https://news.ycombinator.com/user?id=swombat,44190
alex_c,2005-2009,2007,https://news.ycombinator.com/user?id=alex_c,9196
ivankirigin,2005-2009,2007,https://news.ycombinator.com/user?id=ivankirigin,12986
cschmidt,2005-2009,2007,https://news.ycombinator.com/user?id=cschmidt,2905
nkurz,2005-2009,2009,https://news.ycombinator.com/user?id=nkurz,54330
bdfh42,2005-2009,2007,https://news.ycombinator.com/user?id=bdfh42,11016
nreece,2005-2009,2007,https://news.ycombinator.com/user?id=nreece,32765
skmurphy,2005-2009,2007,https://news.ycombinator.com/user?id=skmurphy,4995
staunch,2005-2009,2007,https://news.ycombinator.com/user?id=staunch,28228
far33d,2005-2009,2007,https://news.ycombinator.com/user?id=far33d,2700
pius,2005-2009,2007,https://news.ycombinator.com/user?id=pius,3969
rokhayakebe,2005-2009,2007,https://news.ycombinator.com/user?id=rokhayakebe,9750
prakash,2005-2009,2007,https://news.ycombinator.com/user?id=prakash,12789
nickb,2005-2009,2007,https://news.ycombinator.com/user?id=nickb,27697
brlewis,2005-2009,2007,https://news.ycombinator.com/user?id=brlewis,11715
noodle,2005-2009,2008,https://news.ycombinator.com/user?id=noodle,6792
amichail,2005-2009,2007,https://news.ycombinator.com/user?id=amichail,18398
rms,2005-2009,2007,https://news.ycombinator.com/user?id=rms,22600
jey,2005-2009,2007,https://news.ycombinator.com/user?id=jey,7535
bootload,2005-2009,2007,https://news.ycombinator.com/user?id=bootload,37453
zds,2005-2009,2009,https://news.ycombinator.com/user?id=zds,2890
sanj,2005-2009,2007,https://news.ycombinator.com/user?id=sanj,6966
ryanb,2005-2009,2008,https://news.ycombinator.com/user?id=ryanb,1979
shawndrost,2005-2009,2007,https://news.ycombinator.com/user?id=shawndrost,2299
dreish,2005-2009,2007,https://news.ycombinator.com/user?id=dreish,771
bayareaguy,2005-2009,2007,https://news.ycombinator.com/user?id=bayareaguy,1906
mattmaroon,2005-2009,2007,https://news.ycombinator.com/user?id=mattmaroon,19682
lacker,2005-2009,2008,https://news.ycombinator.com/user?id=lacker,14533
ilamont,2005-2009,2007,https://news.ycombinator.com/user?id=ilamont,52502
yan,2005-2009,2008,https://news.ycombinator.com/user?id=yan,9736
dangoldin,2005-2009,2008,https://news.ycombinator.com/user?id=dangoldin,7247
modoc,2005-2009,2007,https://news.ycombinator.com/user?id=modoc,3015
daleharvey,2005-2009,2008,https://news.ycombinator.com/user?id=daleharvey,9492
yariv,2005-2009,2007,https://news.ycombinator.com/user?id=yariv,183
tel,2005-2009,2007,https://news.ycombinator.com/user?id=tel,11005
jwecker,2005-2009,2007,https://news.ycombinator.com/user?id=jwecker,1484
themichael,2005-2009,2008,https://news.ycombinator.com/user?id=themichael,1522
alaskamiller,2005-2009,2007,https://news.ycombinator.com/user?id=alaskamiller,6139
sc,2005-2009,2008,https://news.ycombinator.com/user?id=sc,315
zach,2005-2009,2007,https://news.ycombinator.com/user?id=zach,5423
gaius,2005-2009,2008,https://news.ycombinator.com/user?id=gaius,35963
mynameishere,2005-2009,2007,https://news.ycombinator.com/user?id=mynameishere,6308
LilColita,2005-2009,2008,https://news.ycombinator.com/user?id=LilColita,1
Xichekolas,2005-2009,2007,https://news.ycombinator.com/user?id=Xichekolas,4863
marcus,2005-2009,2007,https://news.ycombinator.com/user?id=marcus,1540
Aliak,2005-2009,2008,https://news.ycombinator.com/user?id=Aliak,2
icey,2005-2009,2007,https://news.ycombinator.com/user?id=icey,29092
Tichy,2005-2009,2007,https://news.ycombinator.com/user?id=Tichy,16300
olavk,2005-2009,2007,https://news.ycombinator.com/user?id=olavk,3485
david927,2005-2009,2007,https://news.ycombinator.com/user?id=david927,9916
kleevr,2005-2009,2008,https://news.ycombinator.com/user?id=kleevr,330
rockstar9,2005-2009,2007,https://news.ycombinator.com/user?id=rockstar9,868
run4yourlives,2005-2009,2007,https://news.ycombinator.com/user?id=run4yourlives,10251
curi,2005-2009,2007,https://news.ycombinator.com/user?id=curi,535
redsymbol,2005-2009,2007,https://news.ycombinator.com/user?id=redsymbol,1279
jaydub,2005-2009,2008,https://news.ycombinator.com/user?id=jaydub,1332
Sam_Odio,2005-2009,2007,https://news.ycombinator.com/user?id=Sam_Odio,4506
zacharye,2005-2009,2008,https://news.ycombinator.com/user?id=zacharye,2446
psogle,2005-2009,2008,https://news.ycombinator.com/user?id=psogle,421
narag,2005-2009,2008,https://news.ycombinator.com/user?id=narag,5826
neuro,2005-2009,2007,https://news.ycombinator.com/user?id=neuro,211
mullr,2005-2009,2007,https://news.ycombinator.com/user?id=mullr,929
DarrenStuart,2005-2009,2007,https://news.ycombinator.com/user?id=DarrenStuart,291
abstractbill,2005-2009,2007,https://news.ycombinator.com/user?id=abstractbill,11163
Prrometheus,2005-2009,2007,https://news.ycombinator.com/user?id=Prrometheus,3355
drm237,2005-2009,2007,https://news.ycombinator.com/user?id=drm237,4891
jcl,2005-2009,2008,https://news.ycombinator.com/user?id=jcl,5205
astrec,2005-2009,2007,https://news.ycombinator.com/user?id=astrec,3615
msg,2005-2009,2008,https://news.ycombinator.com/user?id=msg,2503
ceesai,2005-2009,2007,https://news.ycombinator.com/user?id=ceesai,13
echion,2005-2009,2007,https://news.ycombinator.com/user?id=echion,312
LPTS,2005-2009,2007,https://news.ycombinator.com/user?id=LPTS,506
yrashk,2005-2009,2007,https://news.ycombinator.com/user?id=yrashk,925
davidw,2005-2009,2007,https://news.ycombinator.com/user?id=davidw,68788
emfle,2005-2009,2007,https://news.ycombinator.com/user?id=emfle,68
bobp,2005-2009,2008,https://news.ycombinator.com/user?id=bobp,84
kylec,2005-2009,2007,https://news.ycombinator.com/user?id=kylec,6806
amrithk,2005-2009,2007,https://news.ycombinator.com/user?id=amrithk,393
lgcale,2005-2009,2008,https://news.ycombinator.com/user?id=lgcale,1
ovi256,2005-2009,2007,https://news.ycombinator.com/user?id=ovi256,5046
silentbicycle,2005-2009,2008,https://news.ycombinator.com/user?id=silentbicycle,11689
gibsonf1,2005-2009,2007,https://news.ycombinator.com/user?id=gibsonf1,7194
usablecontent,2005-2009,2007,https://news.ycombinator.com/user?id=usablecontent,189
AF,2005-2009,2007,https://news.ycombinator.com/user?id=AF,140
daniel-cussen,2005-2009,2007,https://news.ycombinator.com/user?id=daniel-cussen,3692
eru,2005-2009,2007,https://news.ycombinator.com/user?id=eru,34922
e1ven,2005-2009,2007,https://news.ycombinator.com/user?id=e1ven,12186
white,2005-2009,2007,https://news.ycombinator.com/user?id=white,172
bmaier,2005-2009,2007,https://news.ycombinator.com/user?id=bmaier,378
DaniFong,2005-2009,2007,https://news.ycombinator.com/user?id=DaniFong,6336
cibermole,2005-2009,2007,https://news.ycombinator.com/user?id=cibermole,2
bkovitz,2005-2009,2008,https://news.ycombinator.com/user?id=bkovitz,830
asnyder,2005-2009,2008,https://news.ycombinator.com/user?id=asnyder,3832
kmt,2005-2009,2007,https://news.ycombinator.com/user?id=kmt,550
timg,2005-2009,2007,https://news.ycombinator.com/user?id=timg,56
stcredzero,2005-2009,2007,https://news.ycombinator.com/user?id=stcredzero,37037
shimon,2005-2009,2007,https://news.ycombinator.com/user?id=shimon,3109
Chocobean,2005-2009,2008,https://news.ycombinator.com/user?id=Chocobean,356
shafqat,2005-2009,2007,https://news.ycombinator.com/user?id=shafqat,1477
NoBSWebDesign,2005-2009,2008,https://news.ycombinator.com/user?id=NoBSWebDesign,116
brk,2005-2009,2007,https://news.ycombinator.com/user?id=brk,11839
gscott,2005-2009,2007,https://news.ycombinator.com/user?id=gscott,16080
jdavid,2005-2009,2007,https://news.ycombinator.com/user?id=jdavid,1293
mqt,2005-2009,2007,https://news.ycombinator.com/user?id=mqt,12604
marrone,2005-2009,2007,https://news.ycombinator.com/user?id=marrone,529
nailer,2005-2009,2007,https://news.ycombinator.com/user?id=nailer,21809
albertcardona,2005-2009,2007,https://news.ycombinator.com/user?id=albertcardona,1760
ltbarcly,2005-2009,2007,https://news.ycombinator.com/user?id=ltbarcly,14
terpua,2005-2009,2007,https://news.ycombinator.com/user?id=terpua,9089
agentbleu,2005-2009,2007,https://news.ycombinator.com/user?id=agentbleu,351
epi0Bauqu,2005-2009,2007,https://news.ycombinator.com/user?id=epi0Bauqu,13292
jeremyliew,2005-2009,2007,https://news.ycombinator.com/user?id=jeremyliew,342
hugh,2005-2009,2007,https://news.ycombinator.com/user?id=hugh,3185
jasonlbaptiste,2005-2009,2008,https://news.ycombinator.com/user?id=jasonlbaptiste,22187
jmtulloss,2005-2009,2007,https://news.ycombinator.com/user?id=jmtulloss,2522
bsaunder,2005-2009,2007,https://news.ycombinator.com/user?id=bsaunder,869
eugenejen,2005-2009,2007,https://news.ycombinator.com/user?id=eugenejen,1468
cyggie,2005-2009,2007,https://news.ycombinator.com/user?id=cyggie,45
justin,2005-2009,2007,https://news.ycombinator.com/user?id=justin,4715
spencerfry,2005-2009,2008,https://news.ycombinator.com/user?id=spencerfry,2464
dood,2005-2009,2007,https://news.ycombinator.com/user?id=dood,2517
abhishekdesai,2005-2009,2008,https://news.ycombinator.com/user?id=abhishekdesai,120
troystribling,2005-2009,2008,https://news.ycombinator.com/user?id=troystribling,1236
glitwack,2005-2009,2008,https://news.ycombinator.com/user?id=glitwack,7
immad,2005-2009,2007,https://news.ycombinator.com/user?id=immad,4336
rwebb,2005-2009,2007,https://news.ycombinator.com/user?id=rwebb,282
JabavuAdams,2005-2009,2008,https://news.ycombinator.com/user?id=JabavuAdams,7446
ambition,2005-2009,2007,https://news.ycombinator.com/user?id=ambition,1235
comatose_kid,2005-2009,2007,https://news.ycombinator.com/user?id=comatose_kid,5068
byrneseyeview,2005-2009,2007,https://news.ycombinator.com/user?id=byrneseyeview,11227
Alex3917,2005-2009,2007,https://news.ycombinator.com/user?id=Alex3917,30621
lurkage,2005-2009,2008,https://news.ycombinator.com/user?id=lurkage,603
seregine,2005-2009,2008,https://news.ycombinator.com/user?id=seregine,526
mhartl,2005-2009,2007,https://news.ycombinator.com/user?id=mhartl,9947
whacked_new,2005-2009,2007,https://news.ycombinator.com/user?id=whacked_new,1692
felipe,2005-2009,2007,https://news.ycombinator.com/user?id=felipe,837
iarahiman,2005-2009,2008,https://news.ycombinator.com/user?id=iarahiman,1
ajju,2005-2009,2007,https://news.ycombinator.com/user?id=ajju,3800
gunderson,2005-2009,2008,https://news.ycombinator.com/user?id=gunderson,98
cmars232,2005-2009,2007,https://news.ycombinator.com/user?id=cmars232,412
whalliburton,2005-2009,2008,https://news.ycombinator.com/user?id=whalliburton,495
drewcrawford,2005-2009,2008,https://news.ycombinator.com/user?id=drewcrawford,4832
ejs,2005-2009,2007,https://news.ycombinator.com/user?id=ejs,635
ericb,2005-2009,2007,https://news.ycombinator.com/user?id=ericb,7739
SwellJoe,2005-2009,2007,https://news.ycombinator.com/user?id=SwellJoe,33308
chaostheory,2005-2009,2007,https://news.ycombinator.com/user?id=chaostheory,21759
ldambra,2005-2009,2008,https://news.ycombinator.com/user?id=ldambra,66
mark-t,2005-2009,2007,https://news.ycombinator.com/user?id=mark-t,375
ed,2005-2009,2007,https://news.ycombinator.com/user?id=ed,5940
patrickg-zill,2005-2009,2007,https://news.ycombinator.com/user?id=patrickg-zill,957
falsestprophet,2005-2009,2007,https://news.ycombinator.com/user?id=falsestprophet,3289
adammichaelc,2005-2009,2008,https://news.ycombinator.com/user?id=adammichaelc,1831
robg,2005-2009,2007,https://news.ycombinator.com/user?id=robg,31764
mdipierro,2005-2009,2008,https://news.ycombinator.com/user?id=mdipierro,136
danielha,2005-2009,2007,https://news.ycombinator.com/user?id=danielha,1912
henning,2005-2009,2007,https://news.ycombinator.com/user?id=henning,11938
paul,2005-2009,2007,https://news.ycombinator.com/user?id=paul,15914
streety,2005-2009,2008,https://news.ycombinator.com/user?id=streety,430
matstc,2005-2009,2007,https://news.ycombinator.com/user?id=matstc,396
yters,2005-2009,2007,https://news.ycombinator.com/user?id=yters,3268
carpal,2005-2009,2007,https://news.ycombinator.com/user?id=carpal,525
gyro_robo,2005-2009,2007,https://news.ycombinator.com/user?id=gyro_robo,238
dcurtis,2005-2009,2007,https://news.ycombinator.com/user?id=dcurtis,6259
axod,2005-2009,2007,https://news.ycombinator.com/user?id=axod,15942
uvince,2005-2009,2008,https://news.ycombinator.com/user?id=uvince,25
addnr,2005-2009,2008,https://news.ycombinator.com/user?id=addnr,2
russ,2005-2009,2007,https://news.ycombinator.com/user?id=russ,632
manny,2005-2009,2008,https://news.ycombinator.com/user?id=manny,66
inklesspen,2005-2009,2007,https://news.ycombinator.com/user?id=inklesspen,1476
william42,2005-2009,2007,https://news.ycombinator.com/user?id=william42,693
maximilian,2005-2009,2008,https://news.ycombinator.com/user?id=maximilian,743
briansmith,2005-2009,2007,https://news.ycombinator.com/user?id=briansmith,2954
mattrepl,2005-2009,2008,https://news.ycombinator.com/user?id=mattrepl,973
revorad,2005-2009,2007,https://news.ycombinator.com/user?id=revorad,20726
zeka,2005-2009,2007,https://news.ycombinator.com/user?id=zeka,35
dag,2005-2009,2007,https://news.ycombinator.com/user?id=dag,349
maxwell,2005-2009,2007,https://news.ycombinator.com/user?id=maxwell,5539
gleb,2005-2009,2007,https://news.ycombinator.com/user?id=gleb,1667
gongfudoi,2005-2009,2008,https://news.ycombinator.com/user?id=gongfudoi,389
blender,2005-2009,2008,https://news.ycombinator.com/user?id=blender,118
CRASCH,2005-2009,2008,https://news.ycombinator.com/user?id=CRASCH,90
thaumaturgy,2005-2009,2008,https://news.ycombinator.com/user?id=thaumaturgy,26667
Zarathu,2005-2009,2008,https://news.ycombinator.com/user?id=Zarathu,651
antirez,2005-2009,2007,https://news.ycombinator.com/user?id=antirez,30794
dragonwriter,2010-2014,2012,https://news.ycombinator.com/user?id=dragonwriter,127812
jdp23,2010-2014,2010,https://news.ycombinator.com/user?id=jdp23,7710
David103,2010-2014,2010,https://news.ycombinator.com/user?id=David103,1
benatlas,2010-2014,2010,https://news.ycombinator.com/user?id=benatlas,-25
scrollbar,2010-2014,2010,https://news.ycombinator.com/user?id=scrollbar,785
Maria456,2010-2014,2010,https://news.ycombinator.com/user?id=Maria456,1
Mc_Big_G,2010-2014,2010,https://news.ycombinator.com/user?id=Mc_Big_G,2008
bond,2010-2014,2010,https://news.ycombinator.com/user?id=bond,3273
m0nastic,2010-2014,2010,https://news.ycombinator.com/user?id=m0nastic,5097
captaink,2010-2014,2010,https://news.ycombinator.com/user?id=captaink,13
retube,2010-2014,2010,https://news.ycombinator.com/user?id=retube,3762
bobjones,2010-2014,2010,https://news.ycombinator.com/user?id=bobjones,1
grantgrant,2010-2014,2010,https://news.ycombinator.com/user?id=grantgrant,120
jonweer,2010-2014,2010,https://news.ycombinator.com/user?id=jonweer,2
evanrmurphy,2010-2014,2010,https://news.ycombinator.com/user?id=evanrmurphy,605
asyncnet,2010-2014,2010,https://news.ycombinator.com/user?id=asyncnet,1
alexbiz,2010-2014,2010,https://news.ycombinator.com/user?id=alexbiz,18
stretchwithme,2010-2014,2010,https://news.ycombinator.com/user?id=stretchwithme,5497
jessriedel,2010-2014,2010,https://news.ycombinator.com/user?id=jessriedel,21130
sahillavingia,2010-2014,2010,https://news.ycombinator.com/user?id=sahillavingia,14298
showtimee,2010-2014,2011,https://news.ycombinator.com/user?id=showtimee,1
vu0tran,2010-2014,2011,https://news.ycombinator.com/user?id=vu0tran,1707
zorlem,2010-2014,2012,https://news.ycombinator.com/user?id=zorlem,643
kindly,2010-2014,2010,https://news.ycombinator.com/user?id=kindly,53
snatcher,2010-2014,2011,https://news.ycombinator.com/user?id=snatcher,149
412Amsterdam,2010-2014,2011,https://news.ycombinator.com/user?id=412Amsterdam,1
batista,2010-2014,2012,https://news.ycombinator.com/user?id=batista,4147
brianchu,2010-2014,2012,https://news.ycombinator.com/user?id=brianchu,2341
its_so_on,2010-2014,2011,https://news.ycombinator.com/user?id=its_so_on,1107
gary4gar,2010-2014,2011,https://news.ycombinator.com/user?id=gary4gar,439
alpb,2010-2014,2011,https://news.ycombinator.com/user?id=alpb,7136
swohns,2010-2014,2012,https://news.ycombinator.com/user?id=swohns,2738
pgalih,2010-2014,2010,https://news.ycombinator.com/user?id=pgalih,1
nickmccann,2010-2014,2010,https://news.ycombinator.com/user?id=nickmccann,37
KenjiCrosland,2010-2014,2011,https://news.ycombinator.com/user?id=KenjiCrosland,363
apievangelist,2010-2014,2011,https://news.ycombinator.com/user?id=apievangelist,3270
leemhoffman,2010-2014,2010,https://news.ycombinator.com/user?id=leemhoffman,196
spurgu,2010-2014,2012,https://news.ycombinator.com/user?id=spurgu,2798
mynewapartment,2010-2014,2011,https://news.ycombinator.com/user?id=mynewapartment,1
andrewhillman,2010-2014,2010,https://news.ycombinator.com/user?id=andrewhillman,1286
ommunist,2010-2014,2012,https://news.ycombinator.com/user?id=ommunist,739
willhschmid,2010-2014,2011,https://news.ycombinator.com/user?id=willhschmid,64
mathly,2010-2014,2011,https://news.ycombinator.com/user?id=mathly,21
judyhenry646,2010-2014,2012,https://news.ycombinator.com/user?id=judyhenry646,1
lzw,2010-2014,2010,https://news.ycombinator.com/user?id=lzw,1144
burgerbrain,2010-2014,2010,https://news.ycombinator.com/user?id=burgerbrain,9016
willpower101,2010-2014,2010,https://news.ycombinator.com/user?id=willpower101,29
jwomers,2010-2014,2010,https://news.ycombinator.com/user?id=jwomers,178
jasonjei,2010-2014,2010,https://news.ycombinator.com/user?id=jasonjei,2056
ankhanh,2010-2014,2011,https://news.ycombinator.com/user?id=ankhanh,1
solipsist,2010-2014,2010,https://news.ycombinator.com/user?id=solipsist,6267
sabj,2010-2014,2010,https://news.ycombinator.com/user?id=sabj,305
Sniffnoy,2010-2014,2010,https://news.ycombinator.com/user?id=Sniffnoy,5375
nstarkell,2010-2014,2012,https://news.ycombinator.com/user?id=nstarkell,59
unixroot,2010-2014,2011,https://news.ycombinator.com/user?id=unixroot,130
pawelwentpawel,2010-2014,2011,https://news.ycombinator.com/user?id=pawelwentpawel,1136
dsirijus,2010-2014,2011,https://news.ycombinator.com/user?id=dsirijus,2699
daegloe,2010-2014,2011,https://news.ycombinator.com/user?id=daegloe,14951
jjcm,2010-2014,2010,https://news.ycombinator.com/user?id=jjcm,10504
glasshead969,2010-2014,2012,https://news.ycombinator.com/user?id=glasshead969,772
lamentabil,2010-2014,2012,https://news.ycombinator.com/user?id=lamentabil,1
Gayle,2010-2014,2010,https://news.ycombinator.com/user?id=Gayle,54
atakan_gurkan,2010-2014,2011,https://news.ycombinator.com/user?id=atakan_gurkan,881
ry0ohki,2010-2014,2010,https://news.ycombinator.com/user?id=ry0ohki,4012
mwynholds,2010-2014,2011,https://news.ycombinator.com/user?id=mwynholds,34
bloomshed,2010-2014,2010,https://news.ycombinator.com/user?id=bloomshed,43
nostromo,2010-2014,2010,https://news.ycombinator.com/user?id=nostromo,47595
boh,2010-2014,2011,https://news.ycombinator.com/user?id=boh,7419
lawnchair_larry,2010-2014,2011,https://news.ycombinator.com/user?id=lawnchair_larry,10934
georgemcbay,2010-2014,2010,https://news.ycombinator.com/user?id=georgemcbay,15453
ses,2010-2014,2010,https://news.ycombinator.com/user?id=ses,96
mayukh,2010-2014,2010,https://news.ycombinator.com/user?id=mayukh,763
SkedgeMe,2010-2014,2010,https://news.ycombinator.com/user?id=SkedgeMe,2
xd,2010-2014,2010,https://news.ycombinator.com/user?id=xd,5975
bonzoesc,2010-2014,2010,https://news.ycombinator.com/user?id=bonzoesc,1388
winternett,2010-2014,2010,https://news.ycombinator.com/user?id=winternett,3555
photon_off,2010-2014,2010,https://news.ycombinator.com/user?id=photon_off,1539
zbowling,2010-2014,2010,https://news.ycombinator.com/user?id=zbowling,2353
zacharycohn,2010-2014,2010,https://news.ycombinator.com/user?id=zacharycohn,3734
mikecane,2010-2014,2010,https://news.ycombinator.com/user?id=mikecane,13512
eropple,2010-2014,2011,https://news.ycombinator.com/user?id=eropple,27067
mibbitier,2010-2014,2012,https://news.ycombinator.com/user?id=mibbitier,922
d135-1r43,2010-2014,2011,https://news.ycombinator.com/user?id=d135-1r43,20
dllthomas,2010-2014,2012,https://news.ycombinator.com/user?id=dllthomas,14903
mtogo,2010-2014,2010,https://news.ycombinator.com/user?id=mtogo,948
tomgallard,2010-2014,2011,https://news.ycombinator.com/user?id=tomgallard,857
adaml_623,2010-2014,2010,https://news.ycombinator.com/user?id=adaml_623,2283
pja,2010-2014,2011,https://news.ycombinator.com/user?id=pja,6003
lucahammer,2010-2014,2011,https://news.ycombinator.com/user?id=lucahammer,53
tapvt,2010-2014,2010,https://news.ycombinator.com/user?id=tapvt,204
stygianguest,2010-2014,2010,https://news.ycombinator.com/user?id=stygianguest,368
jonbro,2010-2014,2010,https://news.ycombinator.com/user?id=jonbro,88
gurkendoktor,2010-2014,2011,https://news.ycombinator.com/user?id=gurkendoktor,3602
3825,2010-2014,2012,https://news.ycombinator.com/user?id=3825,695
shanmillson,2010-2014,2011,https://news.ycombinator.com/user?id=shanmillson,1
udit99,2010-2014,2012,https://news.ycombinator.com/user?id=udit99,704
tomjen3,2010-2014,2010,https://news.ycombinator.com/user?id=tomjen3,9851
josto,2010-2014,2010,https://news.ycombinator.com/user?id=josto,13
betterth,2010-2014,2011,https://news.ycombinator.com/user?id=betterth,627
Karmanjones,2010-2014,2012,https://news.ycombinator.com/user?id=Karmanjones,1
vacri,2010-2014,2010,https://news.ycombinator.com/user?id=vacri,17701
frasierman,2010-2014,2012,https://news.ycombinator.com/user?id=frasierman,54
nathanbarry,2010-2014,2010,https://news.ycombinator.com/user?id=nathanbarry,2713
avree,2010-2014,2010,https://news.ycombinator.com/user?id=avree,2420
jpxxx,2010-2014,2011,https://news.ycombinator.com/user?id=jpxxx,3185
Stratoscope,2010-2014,2010,https://news.ycombinator.com/user?id=Stratoscope,25300
rhizome,2010-2014,2010,https://news.ycombinator.com/user?id=rhizome,18090
devinrhode2,2010-2014,2011,https://news.ycombinator.com/user?id=devinrhode2,70
ryanhunt,2010-2014,2010,https://news.ycombinator.com/user?id=ryanhunt,16
zoul,2010-2014,2010,https://news.ycombinator.com/user?id=zoul,2659
irfanhabib,2010-2014,2011,https://news.ycombinator.com/user?id=irfanhabib,1
dusing,2010-2014,2010,https://news.ycombinator.com/user?id=dusing,948
vnchr,2010-2014,2010,https://news.ycombinator.com/user?id=vnchr,1762
luluvise12,2010-2014,2012,https://news.ycombinator.com/user?id=luluvise12,1
sunahsuh,2010-2014,2010,https://news.ycombinator.com/user?id=sunahsuh,336
cheez,2010-2014,2011,https://news.ycombinator.com/user?id=cheez,3766
fooslord,2010-2014,2010,https://news.ycombinator.com/user?id=fooslord,1
epsylon,2010-2014,2012,https://news.ycombinator.com/user?id=epsylon,4385
w33ble,2010-2014,2011,https://news.ycombinator.com/user?id=w33ble,192
shobhitbakliwal,2010-2014,2011,https://news.ycombinator.com/user?id=shobhitbakliwal,2
npguy,2010-2014,2012,https://news.ycombinator.com/user?id=npguy,1678
brackin,2010-2014,2010,https://news.ycombinator.com/user?id=brackin,2188
mtgx,2010-2014,2012,https://news.ycombinator.com/user?id=mtgx,33272
tzs,2010-2014,2010,https://news.ycombinator.com/user?id=tzs,50854
saint-loup,2010-2014,2010,https://news.ycombinator.com/user?id=saint-loup,829
lloeki,2010-2014,2010,https://news.ycombinator.com/user?id=lloeki,12507
Helianthus16,2010-2014,2010,https://news.ycombinator.com/user?id=Helianthus16,417
tieTYT,2010-2014,2010,https://news.ycombinator.com/user?id=tieTYT,797
eneveu,2010-2014,2010,https://news.ycombinator.com/user?id=eneveu,816
damoncali,2010-2014,2010,https://news.ycombinator.com/user?id=damoncali,3381
pstadler,2010-2014,2011,https://news.ycombinator.com/user?id=pstadler,2813
tubbo,2010-2014,2012,https://news.ycombinator.com/user?id=tubbo,15
jitl,2010-2014,2012,https://news.ycombinator.com/user?id=jitl,12657
ronreiter,2010-2014,2011,https://news.ycombinator.com/user?id=ronreiter,1104
paps,2010-2014,2012,https://news.ycombinator.com/user?id=paps,238
spladow,2010-2014,2010,https://news.ycombinator.com/user?id=spladow,67
tsotha,2010-2014,2010,https://news.ycombinator.com/user?id=tsotha,4566
annajohnson,2010-2014,2010,https://news.ycombinator.com/user?id=annajohnson,210
smackfu,2010-2014,2010,https://news.ycombinator.com/user?id=smackfu,10800
leithy,2010-2014,2011,https://news.ycombinator.com/user?id=leithy,7
Santas,2010-2014,2011,https://news.ycombinator.com/user?id=Santas,51
_delirium,2010-2014,2010,https://news.ycombinator.com/user?id=_delirium,42376
icebraining,2010-2014,2011,https://news.ycombinator.com/user?id=icebraining,48925
webtechg,2010-2014,2012,https://news.ycombinator.com/user?id=webtechg,4
ZephyrP,2010-2014,2011,https://news.ycombinator.com/user?id=ZephyrP,630
n3utr1n0,2010-2014,2012,https://news.ycombinator.com/user?id=n3utr1n0,3
markszcz,2010-2014,2011,https://news.ycombinator.com/user?id=markszcz,197
ukuggsboots,2010-2014,2011,https://news.ycombinator.com/user?id=ukuggsboots,1
aycangulez,2010-2014,2010,https://news.ycombinator.com/user?id=aycangulez,2454
Killah911,2010-2014,2011,https://news.ycombinator.com/user?id=Killah911,1050
saraid216,2010-2014,2010,https://news.ycombinator.com/user?id=saraid216,6617
rickenharp,2010-2014,2010,https://news.ycombinator.com/user?id=rickenharp,16
antidoh,2010-2014,2012,https://news.ycombinator.com/user?id=antidoh,1276
kayhi,2010-2014,2010,https://news.ycombinator.com/user?id=kayhi,677
bluesmoon,2010-2014,2010,https://news.ycombinator.com/user?id=bluesmoon,4383
dominictarr,2010-2014,2011,https://news.ycombinator.com/user?id=dominictarr,49
mswen,2010-2014,2010,https://news.ycombinator.com/user?id=mswen,456
reecepacheco,2010-2014,2010,https://news.ycombinator.com/user?id=reecepacheco,36
hr,2010-2014,2011,https://news.ycombinator.com/user?id=hr,-15
spacemanaki,2010-2014,2010,https://news.ycombinator.com/user?id=spacemanaki,2544
chc,2010-2014,2010,https://news.ycombinator.com/user?id=chc,20862
rt10k,2010-2014,2011,https://news.ycombinator.com/user?id=rt10k,41
seanalltogether,2010-2014,2010,https://news.ycombinator.com/user?id=seanalltogether,8952
bonzhai,2010-2014,2010,https://news.ycombinator.com/user?id=bonzhai,8
jamesgagan,2010-2014,2010,https://news.ycombinator.com/user?id=jamesgagan,1890
athene,2010-2014,2012,https://news.ycombinator.com/user?id=athene,2
stephengillie,2010-2014,2012,https://news.ycombinator.com/user?id=stephengillie,8873
aidos,2010-2014,2010,https://news.ycombinator.com/user?id=aidos,8320
calloc,2010-2014,2010,https://news.ycombinator.com/user?id=calloc,1131
MadQA,2010-2014,2010,https://news.ycombinator.com/user?id=MadQA,37
mturmon,2010-2014,2010,https://news.ycombinator.com/user?id=mturmon,10968
dsmithn,2010-2014,2010,https://news.ycombinator.com/user?id=dsmithn,391
nancyliang,2010-2014,2012,https://news.ycombinator.com/user?id=nancyliang,1
farmerliao,2010-2014,2011,https://news.ycombinator.com/user?id=farmerliao,3
dglassan,2010-2014,2010,https://news.ycombinator.com/user?id=dglassan,529
eric-hu,2010-2014,2011,https://news.ycombinator.com/user?id=eric-hu,1713
roobeast,2010-2014,2010,https://news.ycombinator.com/user?id=roobeast,5
taabi,2010-2014,2011,https://news.ycombinator.com/user?id=taabi,11
ravichhabra,2010-2014,2010,https://news.ycombinator.com/user?id=ravichhabra,29
dkd903,2010-2014,2010,https://news.ycombinator.com/user?id=dkd903,2546
sitetrail,2010-2014,2011,https://news.ycombinator.com/user?id=sitetrail,8
startupgrrl,2010-2014,2010,https://news.ycombinator.com/user?id=startupgrrl,5
lowglow,2010-2014,2010,https://news.ycombinator.com/user?id=lowglow,3231
svsilks,2010-2014,2011,https://news.ycombinator.com/user?id=svsilks,1
gknoy,2010-2014,2012,https://news.ycombinator.com/user?id=gknoy,3763
joshAg,2010-2014,2011,https://news.ycombinator.com/user?id=joshAg,1875
janektm,2010-2014,2011,https://news.ycombinator.com/user?id=janektm,484
monsterix,2010-2014,2012,https://news.ycombinator.com/user?id=monsterix,1903
silveira,2010-2014,2011,https://news.ycombinator.com/user?id=silveira,1510
signalsignal,2010-2014,2011,https://news.ycombinator.com/user?id=signalsignal,205
jessepollak,2010-2014,2011,https://news.ycombinator.com/user?id=jessepollak,1600
cbennett,2010-2014,2011,https://news.ycombinator.com/user?id=cbennett,374
bzelip,2010-2014,2013,https://news.ycombinator.com/user?id=bzelip,18
Someone1234,2010-2014,2014,https://news.ycombinator.com/user?id=Someone1234,51277
edmondlau,2010-2014,2011,https://news.ycombinator.com/user?id=edmondlau,229
TheOtherHobbes,2010-2014,2014,https://news.ycombinator.com/user?id=TheOtherHobbes,27012
nickbruun,2010-2014,2011,https://news.ycombinator.com/user?id=nickbruun,49
nether,2010-2014,2013,https://news.ycombinator.com/user?id=nether,3738
zanny,2010-2014,2011,https://news.ycombinator.com/user?id=zanny,13635
deletes,2010-2014,2013,https://news.ycombinator.com/user?id=deletes,2329
dilzio,2015-2019,2015,https://news.ycombinator.com/user?id=dilzio,1
jantlustak,2015-2019,2015,https://news.ycombinator.com/user?id=jantlustak,1
pnwhyc,2015-2019,2015,https://news.ycombinator.com/user?id=pnwhyc,19
MeLLeR,2015-2019,2015,https://news.ycombinator.com/user?id=MeLLeR,2
aaporainamo,2015-2019,2015,https://news.ycombinator.com/user?id=aaporainamo,1
shopbg,2015-2019,2015,https://news.ycombinator.com/user?id=shopbg,1
algorithm314,2015-2019,2015,https://news.ycombinator.com/user?id=algorithm314,344
tiernan-g,2015-2019,2015,https://news.ycombinator.com/user?id=tiernan-g,1
coreyp_1,2015-2019,2015,https://news.ycombinator.com/user?id=coreyp_1,2778
Stratoscale,2015-2019,2016,https://news.ycombinator.com/user?id=Stratoscale,7
Annatar,2015-2019,2016,https://news.ycombinator.com/user?id=Annatar,6
saman1912,2015-2019,2015,https://news.ycombinator.com/user?id=saman1912,1
CodeMuncher,2015-2019,2015,https://news.ycombinator.com/user?id=CodeMuncher,1
55555,2015-2019,2015,https://news.ycombinator.com/user?id=55555,6087
nv-vn,2015-2019,2015,https://news.ycombinator.com/user?id=nv-vn,1960
dcschelt,2015-2019,2015,https://news.ycombinator.com/user?id=dcschelt,1987
iofj,2015-2019,2015,https://news.ycombinator.com/user?id=iofj,569
t2015_08_25,2015-2019,2015,https://news.ycombinator.com/user?id=t2015_08_25,152
ijafri,2015-2019,2016,https://news.ycombinator.com/user?id=ijafri,105
vilmosi,2015-2019,2015,https://news.ycombinator.com/user?id=vilmosi,670
coroutines,2015-2019,2015,https://news.ycombinator.com/user?id=coroutines,440
rjeli,2015-2019,2015,https://news.ycombinator.com/user?id=rjeli,1701
zaczac,2015-2019,2015,https://news.ycombinator.com/user?id=zaczac,-13
alexandrerond,2015-2019,2015,https://news.ycombinator.com/user?id=alexandrerond,1241
tefo-mohapi,2015-2019,2015,https://news.ycombinator.com/user?id=tefo-mohapi,957
heapcity,2015-2019,2015,https://news.ycombinator.com/user?id=heapcity,76
musage,2015-2019,2017,https://news.ycombinator.com/user?id=musage,610
ktpsns,2015-2019,2017,https://news.ycombinator.com/user?id=ktpsns,3950
erdo,2015-2019,2017,https://news.ycombinator.com/user?id=erdo,670
baybal2,2015-2019,2016,https://news.ycombinator.com/user?id=baybal2,13766
IntronExon,2015-2019,2018,https://news.ycombinator.com/user?id=IntronExon,3403
mttaggart,2015-2019,2017,https://news.ycombinator.com/user?id=mttaggart,4
fwdpropaganda,2015-2019,2017,https://news.ycombinator.com/user?id=fwdpropaganda,1162
cholantesh,2015-2019,2015,https://news.ycombinator.com/user?id=cholantesh,1303
IncRnd,2015-2019,2016,https://news.ycombinator.com/user?id=IncRnd,5342
vladbarash,2015-2019,2016,https://news.ycombinator.com/user?id=vladbarash,3
bobbington,2015-2019,2017,https://news.ycombinator.com/user?id=bobbington,-24
caymanjim,2015-2019,2016,https://news.ycombinator.com/user?id=caymanjim,8683
TomMarius,2015-2019,2016,https://news.ycombinator.com/user?id=TomMarius,758
tscs37,2015-2019,2016,https://news.ycombinator.com/user?id=tscs37,1408
captain_perl,2015-2019,2018,https://news.ycombinator.com/user?id=captain_perl,121
o-__-o,2015-2019,2019,https://news.ycombinator.com/user?id=o-__-o,740
wyoh,2015-2019,2016,https://news.ycombinator.com/user?id=wyoh,422
BoorishBears,2015-2019,2016,https://news.ycombinator.com/user?id=BoorishBears,7013
kobeya,2015-2019,2016,https://news.ycombinator.com/user?id=kobeya,2900
bookofjoe,2015-2019,2016,https://news.ycombinator.com/user?id=bookofjoe,105713
l24ztj,2015-2019,2019,https://news.ycombinator.com/user?id=l24ztj,46
yr1337,2015-2019,2017,https://news.ycombinator.com/user?id=yr1337,53
couterSpell,2015-2019,2019,https://news.ycombinator.com/user?id=couterSpell,24
macscam,2015-2019,2016,https://news.ycombinator.com/user?id=macscam,8
ironfootnz,2015-2019,2017,https://news.ycombinator.com/user?id=ironfootnz,23
pdornier,2015-2019,2015,https://news.ycombinator.com/user?id=pdornier,7
rvitorper,2015-2019,2016,https://news.ycombinator.com/user?id=rvitorper,81
Spivak,2015-2019,2015,https://news.ycombinator.com/user?id=Spivak,19347
akosicristina,2015-2019,2015,https://news.ycombinator.com/user?id=akosicristina,11
crooked-v,2015-2019,2016,https://news.ycombinator.com/user?id=crooked-v,18855
voldacar,2015-2019,2018,https://news.ycombinator.com/user?id=voldacar,3053
w3clan,2015-2019,2016,https://news.ycombinator.com/user?id=w3clan,99
tsnont34nt,2015-2019,2018,https://news.ycombinator.com/user?id=tsnont34nt,9
cbanek,2015-2019,2016,https://news.ycombinator.com/user?id=cbanek,5859
ThrowawayR2,2015-2019,2016,https://news.ycombinator.com/user?id=ThrowawayR2,8380
davidred,2015-2019,2017,https://news.ycombinator.com/user?id=davidred,3
sgillen,2015-2019,2016,https://news.ycombinator.com/user?id=sgillen,1812
hurrdurr2,2015-2019,2019,https://news.ycombinator.com/user?id=hurrdurr2,333
jchanimal,2015-2019,2017,https://news.ycombinator.com/user?id=jchanimal,1840
abpavel,2015-2019,2015,https://news.ycombinator.com/user?id=abpavel,543
Const-me,2015-2019,2015,https://news.ycombinator.com/user?id=Const-me,6342
mkj,2015-2019,2015,https://news.ycombinator.com/user?id=mkj,2524
terrycody,2015-2019,2018,https://news.ycombinator.com/user?id=terrycody,598
theNJR,2015-2019,2017,https://news.ycombinator.com/user?id=theNJR,1175
jamiemcconnell,2015-2019,2016,https://news.ycombinator.com/user?id=jamiemcconnell,3
tryingagainbro,2015-2019,2017,https://news.ycombinator.com/user?id=tryingagainbro,460
rleigh,2015-2019,2015,https://news.ycombinator.com/user?id=rleigh,2023
thriftwy,2015-2019,2017,https://news.ycombinator.com/user?id=thriftwy,1680
lapnitnelav,2015-2019,2018,https://news.ycombinator.com/user?id=lapnitnelav,522
Jill_the_Pill,2015-2019,2016,https://news.ycombinator.com/user?id=Jill_the_Pill,747
bluGill,2015-2019,2016,https://news.ycombinator.com/user?id=bluGill,26008
gshulegaard,2015-2019,2016,https://news.ycombinator.com/user?id=gshulegaard,2019
i_am_nomad,2015-2019,2017,https://news.ycombinator.com/user?id=i_am_nomad,2063
hyperpallium,2015-2019,2015,https://news.ycombinator.com/user?id=hyperpallium,4743
imtringued,2015-2019,2015,https://news.ycombinator.com/user?id=imtringued,12283
joshuamorton,2015-2019,2017,https://news.ycombinator.com/user?id=joshuamorton,7646
andrewwharton,2015-2019,2017,https://news.ycombinator.com/user?id=andrewwharton,306
objektif,2015-2019,2018,https://news.ycombinator.com/user?id=objektif,199
tomxor,2015-2019,2017,https://news.ycombinator.com/user?id=tomxor,10438
remx,2015-2019,2017,https://news.ycombinator.com/user?id=remx,1968
oddlyaromatic,2015-2019,2016,https://news.ycombinator.com/user?id=oddlyaromatic,505
phoneyphone,2015-2019,2016,https://news.ycombinator.com/user?id=phoneyphone,16
saagarjha,2015-2019,2017,https://news.ycombinator.com/user?id=saagarjha,60915
waldfee,2015-2019,2016,https://news.ycombinator.com/user?id=waldfee,225
Wyndtroy2012,2015-2019,2019,https://news.ycombinator.com/user?id=Wyndtroy2012,26
optimuspaul,2015-2019,2015,https://news.ycombinator.com/user?id=optimuspaul,1104
TheAdamAndChe,2015-2019,2016,https://news.ycombinator.com/user?id=TheAdamAndChe,2960
dorkusmagnus,2015-2019,2018,https://news.ycombinator.com/user?id=dorkusmagnus,15
lostfounder111,2015-2019,2018,https://news.ycombinator.com/user?id=lostfounder111,13
doener,2015-2019,2015,https://news.ycombinator.com/user?id=doener,83363
SergeAx,2015-2019,2016,https://news.ycombinator.com/user?id=SergeAx,2845
nynhex,2015-2019,2017,https://news.ycombinator.com/user?id=nynhex,5
nommm-nommm,2015-2019,2015,https://news.ycombinator.com/user?id=nommm-nommm,4083
BearGoesChirp,2015-2019,2017,https://news.ycombinator.com/user?id=BearGoesChirp,958
lend000,2015-2019,2016,https://news.ycombinator.com/user?id=lend000,4059
Erlangolem,2015-2019,2018,https://news.ycombinator.com/user?id=Erlangolem,482
roberthensing,2015-2019,2016,https://news.ycombinator.com/user?id=roberthensing,14
Bagger288,2015-2019,2017,https://news.ycombinator.com/user?id=Bagger288,7
traverseda,2015-2019,2015,https://news.ycombinator.com/user?id=traverseda,4040
jimlawruk,2015-2019,2015,https://news.ycombinator.com/user?id=jimlawruk,129
gaur,2015-2019,2016,https://news.ycombinator.com/user?id=gaur,1131
PascLeRasc,2015-2019,2015,https://news.ycombinator.com/user?id=PascLeRasc,5795
A_Person,2015-2019,2017,https://news.ycombinator.com/user?id=A_Person,128
ves,2015-2019,2015,https://news.ycombinator.com/user?id=ves,503
AtheistOfFail,2015-2019,2016,https://news.ycombinator.com/user?id=AtheistOfFail,379
TangoTrotFox,2015-2019,2018,https://news.ycombinator.com/user?id=TangoTrotFox,1060
primordialsoup,2015-2019,2017,https://news.ycombinator.com/user?id=primordialsoup,198
aphextron,2015-2019,2016,https://news.ycombinator.com/user?id=aphextron,13989
mongmong,2015-2019,2016,https://news.ycombinator.com/user?id=mongmong,56
jaxtellerSoA,2015-2019,2018,https://news.ycombinator.com/user?id=jaxtellerSoA,383
MehranJ,2015-2019,2019,https://news.ycombinator.com/user?id=MehranJ,5
lazarus101,2015-2019,2016,https://news.ycombinator.com/user?id=lazarus101,38
TomMckenny,2015-2019,2015,https://news.ycombinator.com/user?id=TomMckenny,2285
andreschuelein,2015-2019,2016,https://news.ycombinator.com/user?id=andreschuelein,3
MinhTuong,2015-2019,2018,https://news.ycombinator.com/user?id=MinhTuong,1
masonic,2015-2019,2015,https://news.ycombinator.com/user?id=masonic,2252
mikekchar,2015-2019,2015,https://news.ycombinator.com/user?id=mikekchar,15420
NoblePublius,2015-2019,2018,https://news.ycombinator.com/user?id=NoblePublius,148
mulmen,2015-2019,2015,https://news.ycombinator.com/user?id=mulmen,14675
itsokimbatman,2015-2019,2017,https://news.ycombinator.com/user?id=itsokimbatman,106
abelM,2015-2019,2015,https://news.ycombinator.com/user?id=abelM,3
0xcde4c3db,2015-2019,2015,https://news.ycombinator.com/user?id=0xcde4c3db,8188
Siegmeyer,2015-2019,2018,https://news.ycombinator.com/user?id=Siegmeyer,10
softwarefounder,2015-2019,2016,https://news.ycombinator.com/user?id=softwarefounder,265
JBReefer,2015-2019,2015,https://news.ycombinator.com/user?id=JBReefer,2559
davidkuhta,2015-2019,2017,https://news.ycombinator.com/user?id=davidkuhta,677
esotericn,2015-2019,2018,https://news.ycombinator.com/user?id=esotericn,6997
CRichardson,2015-2019,2017,https://news.ycombinator.com/user?id=CRichardson,6
bluetwo,2015-2019,2016,https://news.ycombinator.com/user?id=bluetwo,1994
hhs,2015-2019,2019,https://news.ycombinator.com/user?id=hhs,42116
moocowtruck,2015-2019,2017,https://news.ycombinator.com/user?id=moocowtruck,-11
datafl4sh,2015-2019,2019,https://news.ycombinator.com/user?id=datafl4sh,33
impatient_bacon,2015-2019,2019,https://news.ycombinator.com/user?id=impatient_bacon,28
leetcrew,2015-2019,2017,https://news.ycombinator.com/user?id=leetcrew,8020
mnm1,2015-2019,2016,https://news.ycombinator.com/user?id=mnm1,2932
satendra02nov,2015-2019,2018,https://news.ycombinator.com/user?id=satendra02nov,2
colllectorof,2015-2019,2015,https://news.ycombinator.com/user?id=colllectorof,2219
cenal,2015-2019,2015,https://news.ycombinator.com/user?id=cenal,464
pnw_hazor,2015-2019,2016,https://news.ycombinator.com/user?id=pnw_hazor,1338
ironSkillet,2015-2019,2016,https://news.ycombinator.com/user?id=ironSkillet,943
Maximus9000,2015-2019,2018,https://news.ycombinator.com/user?id=Maximus9000,635
new_realist,2015-2019,2019,https://news.ycombinator.com/user?id=new_realist,920
Pick-A-Hill2019,2015-2019,2019,https://news.ycombinator.com/user?id=Pick-A-Hill2019,1448
databhishek,2015-2019,2017,https://news.ycombinator.com/user?id=databhishek,13
tialaramex,2015-2019,2016,https://news.ycombinator.com/user?id=tialaramex,31456
tjpnz,2015-2019,2016,https://news.ycombinator.com/user?id=tjpnz,6478
red369,2015-2019,2018,https://news.ycombinator.com/user?id=red369,520
tompccs,2015-2019,2015,https://news.ycombinator.com/user?id=tompccs,1478
pivic,2015-2019,2018,https://news.ycombinator.com/user?id=pivic,247
ibobev,2015-2019,2015,https://news.ycombinator.com/user?id=ibobev,28351
Igelau,2015-2019,2019,https://news.ycombinator.com/user?id=Igelau,2026
light_hue_1,2015-2019,2015,https://news.ycombinator.com/user?id=light_hue_1,2640
n_sonic,2015-2019,2017,https://news.ycombinator.com/user?id=n_sonic,6
mike00632,2015-2019,2018,https://news.ycombinator.com/user?id=mike00632,885
brundolf,2015-2019,2018,https://news.ycombinator.com/user?id=brundolf,41854
happytoexplain,2015-2019,2018,https://news.ycombinator.com/user?id=happytoexplain,10112
wincy,2015-2019,2016,https://news.ycombinator.com/user?id=wincy,8875
xnx,2015-2019,2015,https://news.ycombinator.com/user?id=xnx,24516
mikewarot,2015-2019,2019,https://news.ycombinator.com/user?id=mikewarot,12484
isoskeles,2015-2019,2016,https://news.ycombinator.com/user?id=isoskeles,652
bknasmueller,2015-2019,2019,https://news.ycombinator.com/user?id=bknasmueller,91
layer8,2015-2019,2018,https://news.ycombinator.com/user?id=layer8,38872
petters,2015-2019,2016,https://news.ycombinator.com/user?id=petters,2758
ergocoder,2015-2019,2019,https://news.ycombinator.com/user?id=ergocoder,2371
waste_monk,2015-2019,2018,https://news.ycombinator.com/user?id=waste_monk,1294
alangibson,2015-2019,2017,https://news.ycombinator.com/user?id=alangibson,5503
panpanna,2015-2019,2019,https://news.ycombinator.com/user?id=panpanna,2698
HPsquared,2015-2019,2019,https://news.ycombinator.com/user?id=HPsquared,11709
korse,2015-2019,2019,https://news.ycombinator.com/user?id=korse,412
foolzcrow,2015-2019,2018,https://news.ycombinator.com/user?id=foolzcrow,-33
muzani,2015-2019,2016,https://news.ycombinator.com/user?id=muzani,9472
Xelbair,2015-2019,2018,https://news.ycombinator.com/user?id=Xelbair,2185
okareaman,2015-2019,2019,https://news.ycombinator.com/user?id=okareaman,5087
mastax,2015-2019,2015,https://news.ycombinator.com/user?id=mastax,6384
petra,2015-2019,2015,https://news.ycombinator.com/user?id=petra,3837
hinoki,2015-2019,2017,https://news.ycombinator.com/user?id=hinoki,796
mettamage,2015-2019,2015,https://news.ycombinator.com/user?id=mettamage,7005
zelphirkalt,2015-2019,2017,https://news.ycombinator.com/user?id=zelphirkalt,7810
benjaminjosephw,2015-2019,2015,https://news.ycombinator.com/user?id=benjaminjosephw,1712
dalf,2015-2019,2017,https://news.ycombinator.com/user?id=dalf,243
ummonk,2015-2019,2016,https://news.ycombinator.com/user?id=ummonk,12449
lolinder,2015-2019,2019,https://news.ycombinator.com/user?id=lolinder,45493
staplers,2015-2019,2017,https://news.ycombinator.com/user?id=staplers,1572
numpad0,2015-2019,2019,https://news.ycombinator.com/user?id=numpad0,8628
ohyoutravel,2015-2019,2016,https://news.ycombinator.com/user?id=ohyoutravel,1398
cassianoleal,2015-2019,2015,https://news.ycombinator.com/user?id=cassianoleal,5056
CrazyStat,2015-2019,2019,https://news.ycombinator.com/user?id=CrazyStat,4083
nozzlegear,2015-2019,2015,https://news.ycombinator.com/user?id=nozzlegear,3586
m4rtink,2015-2019,2018,https://news.ycombinator.com/user?id=m4rtink,4847
tayo42,2015-2019,2015,https://news.ycombinator.com/user?id=tayo42,4735
prabhatsharma,2015-2019,2018,https://news.ycombinator.com/user?id=prabhatsharma,267
martindbp,2015-2019,2019,https://news.ycombinator.com/user?id=martindbp,1418
O1111OOO,2015-2019,2017,https://news.ycombinator.com/user?id=O1111OOO,817
flukus,2015-2019,2016,https://news.ycombinator.com/user?id=flukus,10283
gcv,2020-2024,2023,https://news.ycombinator.com/user?id=gcv,3
peterwwillis,2020-2024,2021,https://news.ycombinator.com/user?id=peterwwillis,1
_bxg1,2020-2024,2020,https://news.ycombinator.com/user?id=_bxg1,112
readwind,2020-2024,2020,https://news.ycombinator.com/user?id=readwind,-10
japrozs,2020-2024,2021,https://news.ycombinator.com/user?id=japrozs,148
krior,2020-2024,2023,https://news.ycombinator.com/user?id=krior,335
hncurious,2020-2024,2021,https://news.ycombinator.com/user?id=hncurious,3427
kraftyo,2020-2024,2020,https://news.ycombinator.com/user?id=kraftyo,1
nonameiguess,2020-2024,2020,https://news.ycombinator.com/user?id=nonameiguess,6934
newsclues,2020-2024,2020,https://news.ycombinator.com/user?id=newsclues,2786
akern,2020-2024,2020,https://news.ycombinator.com/user?id=akern,1
Rastonbury,2020-2024,2020,https://news.ycombinator.com/user?id=Rastonbury,1568
Jason_Protell,2020-2024,2021,https://news.ycombinator.com/user?id=Jason_Protell,406
so-cal-schemer,2020-2024,2023,https://news.ycombinator.com/user?id=so-cal-schemer,29
thenerdhead,2020-2024,2022,https://news.ycombinator.com/user?id=thenerdhead,4337
A_D_E_P_T,2020-2024,2022,https://news.ycombinator.com/user?id=A_D_E_P_T,8065
jebarker,2020-2024,2021,https://news.ycombinator.com/user?id=jebarker,2812
zahlman,2020-2024,2024,https://news.ycombinator.com/user?id=zahlman,6958
38,2020-2024,2023,https://news.ycombinator.com/user?id=38,200
ibrandyljackson,2020-2024,2020,https://news.ycombinator.com/user?id=ibrandyljackson,1
bluish29,2020-2024,2020,https://news.ycombinator.com/user?id=bluish29,6975
monetizeinfo,2020-2024,2020,https://news.ycombinator.com/user?id=monetizeinfo,58
Yusefmosiah,2020-2024,2023,https://news.ycombinator.com/user?id=Yusefmosiah,51
gorenb,2020-2024,2022,https://news.ycombinator.com/user?id=gorenb,726
debazel,2020-2024,2024,https://news.ycombinator.com/user?id=debazel,339
llbeansandrice,2020-2024,2020,https://news.ycombinator.com/user?id=llbeansandrice,1602
bschmidt1,2020-2024,2024,https://news.ycombinator.com/user?id=bschmidt1,584
daft_pink,2020-2024,2023,https://news.ycombinator.com/user?id=daft_pink,3202
buildcaptive,2020-2024,2022,https://news.ycombinator.com/user?id=buildcaptive,1
AlexanderTheGr8,2020-2024,2021,https://news.ycombinator.com/user?id=AlexanderTheGr8,550
montyanderson,2020-2024,2021,https://news.ycombinator.com/user?id=montyanderson,757
samanta122,2020-2024,2024,https://news.ycombinator.com/user?id=samanta122,0
i_like_pie1,2020-2024,2023,https://news.ycombinator.com/user?id=i_like_pie1,11
bloppe,2020-2024,2020,https://news.ycombinator.com/user?id=bloppe,3649
whimsicalism,2020-2024,2020,https://news.ycombinator.com/user?id=whimsicalism,16909
AlbertCory,2020-2024,2021,https://news.ycombinator.com/user?id=AlbertCory,11850
knuckleheadsmif,2020-2024,2022,https://news.ycombinator.com/user?id=knuckleheadsmif,215
dealancer1,2020-2024,2023,https://news.ycombinator.com/user?id=dealancer1,1
fomine3,2020-2024,2020,https://news.ycombinator.com/user?id=fomine3,4907
mortureb,2020-2024,2023,https://news.ycombinator.com/user?id=mortureb,170
GMoromisato,2020-2024,2021,https://news.ycombinator.com/user?id=GMoromisato,2722
meindnoch,2020-2024,2022,https://news.ycombinator.com/user?id=meindnoch,6015
aenis,2020-2024,2021,https://news.ycombinator.com/user?id=aenis,1112
Dalewyn,2020-2024,2022,https://news.ycombinator.com/user?id=Dalewyn,4786
jahsome,2020-2024,2021,https://news.ycombinator.com/user?id=jahsome,1405
praneethpike,2020-2024,2024,https://news.ycombinator.com/user?id=praneethpike,1
seg_lol,2020-2024,2020,https://news.ycombinator.com/user?id=seg_lol,509
c_crank,2020-2024,2023,https://news.ycombinator.com/user?id=c_crank,267
temp0826,2020-2024,2020,https://news.ycombinator.com/user?id=temp0826,1569
KeplerBoy,2020-2024,2021,https://news.ycombinator.com/user?id=KeplerBoy,3433
kataklasm,2020-2024,2021,https://news.ycombinator.com/user?id=kataklasm,369
hellbannedguy,2020-2024,2021,https://news.ycombinator.com/user?id=hellbannedguy,2272
jqpabc123,2020-2024,2020,https://news.ycombinator.com/user?id=jqpabc123,7340
nilslindemann,2020-2024,2021,https://news.ycombinator.com/user?id=nilslindemann,300
throwaway0a5e,2020-2024,2020,https://news.ycombinator.com/user?id=throwaway0a5e,11212
bobmaxup,2020-2024,2020,https://news.ycombinator.com/user?id=bobmaxup,517
andsoitis,2020-2024,2022,https://news.ycombinator.com/user?id=andsoitis,25978
prova_modena,2020-2024,2021,https://news.ycombinator.com/user?id=prova_modena,454
domano,2020-2024,2020,https://news.ycombinator.com/user?id=domano,720
bruce343434,2020-2024,2021,https://news.ycombinator.com/user?id=bruce343434,2329
jbs789,2020-2024,2024,https://news.ycombinator.com/user?id=jbs789,282
cubefox,2020-2024,2021,https://news.ycombinator.com/user?id=cubefox,7375
declanterry,2020-2024,2023,https://news.ycombinator.com/user?id=declanterry,4
ack_complete,2020-2024,2022,https://news.ycombinator.com/user?id=ack_complete,678
reader_mode,2020-2024,2020,https://news.ycombinator.com/user?id=reader_mode,2387
CommitSyn,2020-2024,2022,https://news.ycombinator.com/user?id=CommitSyn,772
simondotau,2020-2024,2020,https://news.ycombinator.com/user?id=simondotau,4611
tcsenpai,2020-2024,2024,https://news.ycombinator.com/user?id=tcsenpai,247
Imustaskforhelp,2020-2024,2024,https://news.ycombinator.com/user?id=Imustaskforhelp,2260
Rygian,2020-2024,2020,https://news.ycombinator.com/user?id=Rygian,4166
empath-nirvana,2020-2024,2023,https://news.ycombinator.com/user?id=empath-nirvana,2468
inglor_cz,2020-2024,2020,https://news.ycombinator.com/user?id=inglor_cz,15116
2genders9064,2020-2024,2024,https://news.ycombinator.com/user?id=2genders9064,1
hydroxideOH-,2020-2024,2020,https://news.ycombinator.com/user?id=hydroxideOH-,989
some1_from_ygn,2020-2024,2021,https://news.ycombinator.com/user?id=some1_from_ygn,1
dcrazy,2020-2024,2024,https://news.ycombinator.com/user?id=dcrazy,1464
flexagoon,2020-2024,2021,https://news.ycombinator.com/user?id=flexagoon,1473
throwdbaaway,2020-2024,2020,https://news.ycombinator.com/user?id=throwdbaaway,412
penny4yourthot,2020-2024,2021,https://news.ycombinator.com/user?id=penny4yourthot,3
boppo1,2020-2024,2021,https://news.ycombinator.com/user?id=boppo1,3379
windows7-maniac,2020-2024,2021,https://news.ycombinator.com/user?id=windows7-maniac,1
xqcgrek2,2020-2024,2021,https://news.ycombinator.com/user?id=xqcgrek2,3889
taubek,2020-2024,2021,https://news.ycombinator.com/user?id=taubek,17330
RebootStr,2020-2024,2022,https://news.ycombinator.com/user?id=RebootStr,620
jarko27,2020-2024,2024,https://news.ycombinator.com/user?id=jarko27,341
zzsheng,2020-2024,2024,https://news.ycombinator.com/user?id=zzsheng,1
boarush,2020-2024,2021,https://news.ycombinator.com/user?id=boarush,94
isaacfrond,2020-2024,2021,https://news.ycombinator.com/user?id=isaacfrond,21020
eric-burel,2020-2024,2022,https://news.ycombinator.com/user?id=eric-burel,382
rafaepta,2020-2024,2021,https://news.ycombinator.com/user?id=rafaepta,190
aragonite,2020-2024,2022,https://news.ycombinator.com/user?id=aragonite,3323
pratikdeoghare,2020-2024,2024,https://news.ycombinator.com/user?id=pratikdeoghare,11
FergusArgyll,2020-2024,2023,https://news.ycombinator.com/user?id=FergusArgyll,1194
ponchale,2020-2024,2023,https://news.ycombinator.com/user?id=ponchale,4
notachatbot123,2020-2024,2023,https://news.ycombinator.com/user?id=notachatbot123,483
t0lo,2020-2024,2022,https://news.ycombinator.com/user?id=t0lo,529
hakonjdjohnsen,2020-2024,2023,https://news.ycombinator.com/user?id=hakonjdjohnsen,436
croes,2020-2024,2020,https://news.ycombinator.com/user?id=croes,24305
stiles11,2020-2024,2022,https://news.ycombinator.com/user?id=stiles11,3
jruohonen,2020-2024,2023,https://news.ycombinator.com/user?id=jruohonen,3337
tomgag,2020-2024,2022,https://news.ycombinator.com/user?id=tomgag,70
nikitarogers,2020-2024,2024,https://news.ycombinator.com/user?id=nikitarogers,1
giuliomagnifico,2020-2024,2020,https://news.ycombinator.com/user?id=giuliomagnifico,49661
KnuthIsGod,2020-2024,2022,https://news.ycombinator.com/user?id=KnuthIsGod,1988
slow_typist,2020-2024,2022,https://news.ycombinator.com/user?id=slow_typist,965
varun_chopra,2020-2024,2020,https://news.ycombinator.com/user?id=varun_chopra,654
iacguy,2020-2024,2023,https://news.ycombinator.com/user?id=iacguy,80
OuterVale,2020-2024,2024,https://news.ycombinator.com/user?id=OuterVale,4595
bingemaker,2020-2024,2023,https://news.ycombinator.com/user?id=bingemaker,147
cluckindan,2020-2024,2024,https://news.ycombinator.com/user?id=cluckindan,1973
jazzypants,2020-2024,2022,https://news.ycombinator.com/user?id=jazzypants,421
ramon156,2020-2024,2023,https://news.ycombinator.com/user?id=ramon156,2423
spwa4,2020-2024,2024,https://news.ycombinator.com/user?id=spwa4,742
threejin,2020-2024,2021,https://news.ycombinator.com/user?id=threejin,2
esafak,2020-2024,2021,https://news.ycombinator.com/user?id=esafak,8083
ivewonyoung,2020-2024,2024,https://news.ycombinator.com/user?id=ivewonyoung,1693
ZeidJ,2020-2024,2022,https://news.ycombinator.com/user?id=ZeidJ,316
ZYZ64738,2020-2024,2021,https://news.ycombinator.com/user?id=ZYZ64738,14
dartharva,2020-2024,2020,https://news.ycombinator.com/user?id=dartharva,1929
qsi,2020-2024,2020,https://news.ycombinator.com/user?id=qsi,1307
laweijfmvo,2020-2024,2020,https://news.ycombinator.com/user?id=laweijfmvo,2188
therobots927,2020-2024,2023,https://news.ycombinator.com/user?id=therobots927,1009
jethronethro,2020-2024,2021,https://news.ycombinator.com/user?id=jethronethro,1298
lucaslazarus,2020-2024,2023,https://news.ycombinator.com/user?id=lucaslazarus,216
ombedzi,2020-2024,2020,https://news.ycombinator.com/user?id=ombedzi,3
1vuio0pswjnm7,2020-2024,2020,https://news.ycombinator.com/user?id=1vuio0pswjnm7,18837
billybuckwheat,2020-2024,2020,https://news.ycombinator.com/user?id=billybuckwheat,2489
evanhu_,2020-2024,2021,https://news.ycombinator.com/user?id=evanhu_,76
oliver-zink,2020-2024,2022,https://news.ycombinator.com/user?id=oliver-zink,1
lagniappe,2020-2024,2023,https://news.ycombinator.com/user?id=lagniappe,2526
acheong08,2020-2024,2023,https://news.ycombinator.com/user?id=acheong08,2130
hyperhello,2020-2024,2021,https://news.ycombinator.com/user?id=hyperhello,1459
bilsbie,2020-2024,2022,https://news.ycombinator.com/user?id=bilsbie,11045
speakingmoistly,2020-2024,2024,https://news.ycombinator.com/user?id=speakingmoistly,43
runxiyu,2020-2024,2024,https://news.ycombinator.com/user?id=runxiyu,30
highpost,2020-2024,2020,https://news.ycombinator.com/user?id=highpost,26
SpyCoder77,2020-2024,2024,https://news.ycombinator.com/user?id=SpyCoder77,189
ray__,2020-2024,2022,https://news.ycombinator.com/user?id=ray__,600
dankwizard,2020-2024,2021,https://news.ycombinator.com/user?id=dankwizard,535
rapatel0,2020-2024,2021,https://news.ycombinator.com/user?id=rapatel0,354
notepad0x90,2020-2024,2024,https://news.ycombinator.com/user?id=notepad0x90,2111
amazingamazing,2020-2024,2024,https://news.ycombinator.com/user?id=amazingamazing,861
wewtyflakes,2020-2024,2021,https://news.ycombinator.com/user?id=wewtyflakes,833
ipotapov,2020-2024,2024,https://news.ycombinator.com/user?id=ipotapov,162
unddoch,2020-2024,2024,https://news.ycombinator.com/user?id=unddoch,15
ClawsOnPaws,2020-2024,2020,https://news.ycombinator.com/user?id=ClawsOnPaws,1801
oxag3n,2020-2024,2023,https://news.ycombinator.com/user?id=oxag3n,267
hamasho,2020-2024,2021,https://news.ycombinator.com/user?id=hamasho,789
vld_chk,2020-2024,2023,https://news.ycombinator.com/user?id=vld_chk,135
barryjones20,2020-2024,2022,https://news.ycombinator.com/user?id=barryjones20,1
fnordpiglet,2020-2024,2021,https://news.ycombinator.com/user?id=fnordpiglet,13055
docheinestages,2020-2024,2022,https://news.ycombinator.com/user?id=docheinestages,46
mikert89,2020-2024,2022,https://news.ycombinator.com/user?id=mikert89,671
slashdave,2020-2024,2024,https://news.ycombinator.com/user?id=slashdave,599
atan2,2020-2024,2021,https://news.ycombinator.com/user?id=atan2,2466
baetylus,2020-2024,2021,https://news.ycombinator.com/user?id=baetylus,75
justech,2020-2024,2023,https://news.ycombinator.com/user?id=justech,66
_345,2020-2024,2022,https://news.ycombinator.com/user?id=_345,85
everyos_,2020-2024,2022,https://news.ycombinator.com/user?id=everyos_,4
drob518,2020-2024,2022,https://news.ycombinator.com/user?id=drob518,1969
tkcranny,2020-2024,2023,https://news.ycombinator.com/user?id=tkcranny,222
dp-hackernews,2020-2024,2020,https://news.ycombinator.com/user?id=dp-hackernews,1416
ionychal,2020-2024,2022,https://news.ycombinator.com/user?id=ionychal,151
milkglass,2020-2024,2023,https://news.ycombinator.com/user?id=milkglass,887
LorenDB,2020-2024,2022,https://news.ycombinator.com/user?id=LorenDB,21630
dlcarrier,2020-2024,2024,https://news.ycombinator.com/user?id=dlcarrier,2526
mimiclone,2020-2024,2023,https://news.ycombinator.com/user?id=mimiclone,2
RevEng,2020-2024,2023,https://news.ycombinator.com/user?id=RevEng,375
skyberrys,2020-2024,2021,https://news.ycombinator.com/user?id=skyberrys,140
ProllyInfamous,2020-2024,2022,https://news.ycombinator.com/user?id=ProllyInfamous,3206
turtleyacht,2020-2024,2021,https://news.ycombinator.com/user?id=turtleyacht,1398
dougcalobrisi,2020-2024,2020,https://news.ycombinator.com/user?id=dougcalobrisi,9
barishnamazov,2020-2024,2024,https://news.ycombinator.com/user?id=barishnamazov,900
gausswho,2020-2024,2021,https://news.ycombinator.com/user?id=gausswho,1248
akagusu,2020-2024,2020,https://news.ycombinator.com/user?id=akagusu,1694
geox,2020-2024,2021,https://news.ycombinator.com/user?id=geox,53035
tie-in,2020-2024,2024,https://news.ycombinator.com/user?id=tie-in,548
itsarnavsh,2020-2024,2024,https://news.ycombinator.com/user?id=itsarnavsh,5
mefengl,2020-2024,2022,https://news.ycombinator.com/user?id=mefengl,820
bigyabai,2020-2024,2024,https://news.ycombinator.com/user?id=bigyabai,2225
tkzed49,2020-2024,2020,https://news.ycombinator.com/user?id=tkzed49,868
kman82,2020-2024,2021,https://news.ycombinator.com/user?id=kman82,3
knuppar,2020-2024,2020,https://news.ycombinator.com/user?id=knuppar,105
ticulatedspline,2020-2024,2023,https://news.ycombinator.com/user?id=ticulatedspline,364
altairprime,2020-2024,2022,https://news.ycombinator.com/user?id=altairprime,4228
denieler,2020-2024,2020,https://news.ycombinator.com/user?id=denieler,1
josh-sematic,2020-2024,2022,https://news.ycombinator.com/user?id=josh-sematic,708
apothegm,2020-2024,2023,https://news.ycombinator.com/user?id=apothegm,673
nbstme,2020-2024,2021,https://news.ycombinator.com/user?id=nbstme,343
djfobbz,2020-2024,2020,https://news.ycombinator.com/user?id=djfobbz,300
curvedinf,2020-2024,2024,https://news.ycombinator.com/user?id=curvedinf,-1
forgotusername6,2020-2024,2022,https://news.ycombinator.com/user?id=forgotusername6,957
declan_roberts,2020-2024,2023,https://news.ycombinator.com/user?id=declan_roberts,2282
WhereIsTheTruth,2020-2024,2023,https://news.ycombinator.com/user?id=WhereIsTheTruth,769
alcray,2020-2024,2023,https://news.ycombinator.com/user?id=alcray,1
ok123456,2020-2024,2020,https://news.ycombinator.com/user?id=ok123456,4102
miceiken,2020-2024,2023,https://news.ycombinator.com/user?id=miceiken,1
cassepipe,2020-2024,2020,https://news.ycombinator.com/user?id=cassepipe,4003
Ekaros,2020-2024,2020,https://news.ycombinator.com/user?id=Ekaros,10143
dale_glass,2020-2024,2020,https://news.ycombinator.com/user?id=dale_glass,8060
